,year_month,predicted,actual_demand,mape,h1,channel,statistical_accuracy,total_accuracy,client_id,last_updated_at
0,2024-07-01,167454.938348,178230.075294,0.9395436660831464,Bakery,B2B,1,0,1,2024-10-21
1,2024-08-01,173690.012145,198845.498321,0.8734923023734185,Bakery,B2B,1,0,1,2024-10-21
2,2024-09-01,181096.84167,178105.990879,0.983207466653764,Bakery,B2B,1,0,1,2024-10-21
3,2024-07-01,167454.938348,178230.075294,0.9395436660831464,Bakery,B2B,0,1,1,2024-10-21
4,2024-08-01,173690.012145,198845.498321,0.8734923023734185,Bakery,B2B,0,1,1,2024-10-21
5,2024-09-01,181096.84167,178105.990879,0.983207466653764,Bakery,B2B,0,1,1,2024-10-21
6,2024-07-01,3661.159398,4882.808368,0.7498060792214977,Bakery,Ecomm,1,0,1,2024-10-21
7,2024-08-01,3545.214,4468.406699,0.7933955521088525,Bakery,Ecomm,1,0,1,2024-10-21
8,2024-09-01,3808.988,4023.489699,0.9466876480252173,Bakery,Ecomm,1,0,1,2024-10-21
9,2024-07-01,3661.159398,4882.808368,0.7498060792214977,Bakery,Ecomm,0,1,1,2024-10-21
10,2024-08-01,3545.214,4468.406699,0.7933955521088525,Bakery,Ecomm,0,1,1,2024-10-21
11,2024-09-01,3808.988,4023.489699,0.9466876480252173,Bakery,Ecomm,0,1,1,2024-10-21
12,2024-07-01,52761.719,52429.921194,0.9936715944170069,Bakery,Export_Re-Export,1,0,1,2024-10-21
13,2024-08-01,53612.078,39053.434,0.6272121934270876,Bakery,Export_Re-Export,1,0,1,2024-10-21
14,2024-09-01,58301.008,82025.216,0.7107693322014538,Bakery,Export_Re-Export,1,0,1,2024-10-21
15,2024-07-01,52761.719,52429.921194,0.9936715944170069,Bakery,Export_Re-Export,0,1,1,2024-10-21
16,2024-08-01,53612.078,39053.434,0.6272121934270876,Bakery,Export_Re-Export,0,1,1,2024-10-21
17,2024-09-01,58301.008,82025.216,0.7107693322014538,Bakery,Export_Re-Export,0,1,1,2024-10-21
18,2024-07-01,34016.82044,31727.128885000002,0.9278317441423916,Bakery,Retail,1,0,1,2024-10-21
19,2024-08-01,34066.657051,36894.464353,0.9233541575520918,Bakery,Retail,1,0,1,2024-10-21
20,2024-09-01,36574.088957,32577.842302,0.8773323715562751,Bakery,Retail,1,0,1,2024-10-21
21,2024-07-01,34016.82044,31727.128885000002,0.9278317441423916,Bakery,Retail,0,1,1,2024-10-21
22,2024-08-01,34066.657051,36894.464353,0.9233541575520918,Bakery,Retail,0,1,1,2024-10-21
23,2024-09-01,36574.088957,32577.842302,0.8773323715562751,Bakery,Retail,0,1,1,2024-10-21
24,2024-07-01,257894.637186,267269.933741,0.964921993193274,Bakery,ALL,1,0,1,2024-10-21
25,2024-08-01,264913.961196,279261.803373,0.9486222533704829,Bakery,ALL,1,0,1,2024-10-21
26,2024-09-01,279780.926627,296732.53888,0.9428724186535695,Bakery,ALL,1,0,1,2024-10-21
27,2024-07-01,257894.637186,267269.933741,0.964921993193274,Bakery,ALL,0,1,1,2024-10-21
28,2024-08-01,264913.961196,279261.803373,0.9486222533704829,Bakery,ALL,0,1,1,2024-10-21
29,2024-09-01,279780.926627,296732.53888,0.9428724186535695,Bakery,ALL,0,1,1,2024-10-21
30,2024-07-01,22783.701,23351.142,0.9756996467239162,Chocolates,B2B,1,0,1,2024-10-21
31,2024-08-01,22665.983,34907.476,0.6493160089832906,Chocolates,B2B,1,0,1,2024-10-21
32,2024-09-01,27881.673,26956.19,0.9656671436133963,Chocolates,B2B,1,0,1,2024-10-21
33,2024-07-01,22783.701,23351.142,0.9756996467239162,Chocolates,B2B,0,1,1,2024-10-21
34,2024-08-01,22665.983,34907.476,0.6493160089832906,Chocolates,B2B,0,1,1,2024-10-21
35,2024-09-01,27881.673,26956.19,0.9656671436133963,Chocolates,B2B,0,1,1,2024-10-21
36,2024-07-01,693.055,701.52,0.9879333447371421,Chocolates,Ecomm,1,0,1,2024-10-21
37,2024-08-01,641.5600000000001,686.33,0.9347689886789154,Chocolates,Ecomm,1,0,1,2024-10-21
38,2024-09-01,688.18,628.92,0.9057749793296445,Chocolates,Ecomm,1,0,1,2024-10-21
39,2024-07-01,693.055,701.52,0.9879333447371421,Chocolates,Ecomm,0,1,1,2024-10-21
40,2024-08-01,641.5600000000001,686.33,0.9347689886789154,Chocolates,Ecomm,0,1,1,2024-10-21
41,2024-09-01,688.18,628.92,0.9057749793296445,Chocolates,Ecomm,0,1,1,2024-10-21
42,2024-07-01,6300.0,10062.9,0.6260620695823271,Chocolates,Export_Re-Export,1,0,1,2024-10-21
43,2024-08-01,6495.8,8513.1,0.7630357918971937,Chocolates,Export_Re-Export,1,0,1,2024-10-21
44,2024-09-01,6370.9,3155.7,0.0,Chocolates,Export_Re-Export,1,0,1,2024-10-21
45,2024-07-01,6300.0,10062.9,0.6260620695823271,Chocolates,Export_Re-Export,0,1,1,2024-10-21
46,2024-08-01,6495.8,8513.1,0.7630357918971937,Chocolates,Export_Re-Export,0,1,1,2024-10-21
47,2024-09-01,6370.9,3155.7,0.0,Chocolates,Export_Re-Export,0,1,1,2024-10-21
48,2024-07-01,10666.57,11167.127,0.955175847825497,Chocolates,Retail,1,0,1,2024-10-21
49,2024-08-01,11060.939,15221.994,0.7266419235219774,Chocolates,Retail,1,0,1,2024-10-21
50,2024-09-01,12809.903,11656.291000000001,0.901030954014446,Chocolates,Retail,1,0,1,2024-10-21
51,2024-07-01,10666.57,11167.127,0.955175847825497,Chocolates,Retail,0,1,1,2024-10-21
52,2024-08-01,11060.939,15221.994,0.7266419235219774,Chocolates,Retail,0,1,1,2024-10-21
53,2024-09-01,12809.903,11656.291000000001,0.901030954014446,Chocolates,Retail,0,1,1,2024-10-21
54,2024-07-01,40443.326,45282.689,0.8931299552462532,Chocolates,ALL,1,0,1,2024-10-21
55,2024-08-01,40864.282,59328.9,0.6887753186052665,Chocolates,ALL,1,0,1,2024-10-21
56,2024-09-01,47750.656,42397.101,0.8737282768460986,Chocolates,ALL,1,0,1,2024-10-21
57,2024-07-01,40443.326,45282.689,0.8931299552462532,Chocolates,ALL,0,1,1,2024-10-21
58,2024-08-01,40864.282,59328.9,0.6887753186052665,Chocolates,ALL,0,1,1,2024-10-21
59,2024-09-01,47750.656,42397.101,0.8737282768460986,Chocolates,ALL,0,1,1,2024-10-21
60,2024-07-01,72382.405,72285.171,0.9986548555027974,Fruits,B2B,1,0,1,2024-10-21
61,2024-08-01,70964.073,94179.959,0.7534944138168503,Fruits,B2B,1,0,1,2024-10-21
62,2024-09-01,83550.81599999999,74322.169,0.875829148635315,Fruits,B2B,1,0,1,2024-10-21
63,2024-07-01,72382.405,72285.171,0.9986548555027974,Fruits,B2B,0,1,1,2024-10-21
64,2024-08-01,70964.073,94179.959,0.7534944138168503,Fruits,B2B,0,1,1,2024-10-21
65,2024-09-01,83550.81599999999,74322.169,0.875829148635315,Fruits,B2B,0,1,1,2024-10-21
66,2024-07-01,877.6320000000001,1012.5790000000001,0.8667294107422729,Fruits,Ecomm,1,0,1,2024-10-21
67,2024-08-01,915.755,1082.942,0.8456177708501471,Fruits,Ecomm,1,0,1,2024-10-21
68,2024-09-01,882.0749999999999,868.549,0.9844269004972662,Fruits,Ecomm,1,0,1,2024-10-21
69,2024-07-01,877.6320000000001,1012.5790000000001,0.8667294107422729,Fruits,Ecomm,0,1,1,2024-10-21
70,2024-08-01,915.755,1082.942,0.8456177708501471,Fruits,Ecomm,0,1,1,2024-10-21
71,2024-09-01,882.0749999999999,868.549,0.9844269004972662,Fruits,Ecomm,0,1,1,2024-10-21
72,2024-07-01,19262.466,16321.234,0.8197910770717459,Fruits,Export_Re-Export,1,0,1,2024-10-21
73,2024-08-01,18905.398,22967.64,0.8231319369338774,Fruits,Export_Re-Export,1,0,1,2024-10-21
74,2024-09-01,19549.017,15689.04,0.7539698413669671,Fruits,Export_Re-Export,1,0,1,2024-10-21
75,2024-07-01,19262.466,16321.234,0.8197910770717459,Fruits,Export_Re-Export,0,1,1,2024-10-21
76,2024-08-01,18905.398,22967.64,0.8231319369338774,Fruits,Export_Re-Export,0,1,1,2024-10-21
77,2024-09-01,19549.017,15689.04,0.7539698413669671,Fruits,Export_Re-Export,0,1,1,2024-10-21
78,2024-07-01,7650.007,7871.877,0.9718148543225459,Fruits,Retail,1,0,1,2024-10-21
79,2024-08-01,7842.492,7830.204,0.9984306922271756,Fruits,Retail,1,0,1,2024-10-21
80,2024-09-01,7962.378,7962.448,0.9999912087337963,Fruits,Retail,1,0,1,2024-10-21
81,2024-07-01,7650.007,7871.877,0.9718148543225459,Fruits,Retail,0,1,1,2024-10-21
82,2024-08-01,7842.492,7830.204,0.9984306922271756,Fruits,Retail,0,1,1,2024-10-21
83,2024-09-01,7962.378,7962.448,0.9999912087337963,Fruits,Retail,0,1,1,2024-10-21
84,2024-07-01,100172.51,97490.861,0.9724933294003836,Fruits,ALL,1,0,1,2024-10-21
85,2024-08-01,98627.718,126060.745,0.7823824775904664,Fruits,ALL,1,0,1,2024-10-21
86,2024-09-01,111944.286,98842.206,0.8674444801444436,Fruits,ALL,1,0,1,2024-10-21
87,2024-07-01,100172.51,97490.861,0.9724933294003836,Fruits,ALL,0,1,1,2024-10-21
88,2024-08-01,98627.718,126060.745,0.7823824775904664,Fruits,ALL,0,1,1,2024-10-21
89,2024-09-01,111944.286,98842.206,0.8674444801444436,Fruits,ALL,0,1,1,2024-10-21
90,2024-07-01,237557.434,247778.833,0.9587478927225394,"Flour, Grain & Flakes",B2B,1,0,1,2024-10-21
91,2024-08-01,249541.45,264565.499,0.9432123649652444,"Flour, Grain & Flakes",B2B,1,0,1,2024-10-21
92,2024-09-01,251402.951,241846.825,0.9604868660152971,"Flour, Grain & Flakes",B2B,1,0,1,2024-10-21
93,2024-07-01,237557.434,247778.833,0.9587478927225394,"Flour, Grain & Flakes",B2B,0,1,1,2024-10-21
94,2024-08-01,249541.45,264565.499,0.9432123649652444,"Flour, Grain & Flakes",B2B,0,1,1,2024-10-21
95,2024-09-01,251402.951,241846.825,0.9604868660152971,"Flour, Grain & Flakes",B2B,0,1,1,2024-10-21
96,2024-07-01,4184.048,5755.691,0.7269410397465743,"Flour, Grain & Flakes",Ecomm,1,0,1,2024-10-21
97,2024-08-01,4262.8279999999995,4498.838,0.9475397869405389,"Flour, Grain & Flakes",Ecomm,1,0,1,2024-10-21
98,2024-09-01,4658.7029999999995,5343.031,0.871921386943104,"Flour, Grain & Flakes",Ecomm,1,0,1,2024-10-21
99,2024-07-01,4184.048,5755.691,0.7269410397465743,"Flour, Grain & Flakes",Ecomm,0,1,1,2024-10-21
100,2024-08-01,4262.8279999999995,4498.838,0.9475397869405389,"Flour, Grain & Flakes",Ecomm,0,1,1,2024-10-21
101,2024-09-01,4658.7029999999995,5343.031,0.871921386943104,"Flour, Grain & Flakes",Ecomm,0,1,1,2024-10-21
102,2024-07-01,15340.444,10129.018,0.48549543499675885,"Flour, Grain & Flakes",Export_Re-Export,1,0,1,2024-10-21
103,2024-08-01,13942.777,9712.16,0.5643999892917744,"Flour, Grain & Flakes",Export_Re-Export,1,0,1,2024-10-21
104,2024-09-01,14765.191,8357.254,0.23324850483185033,"Flour, Grain & Flakes",Export_Re-Export,1,0,1,2024-10-21
105,2024-07-01,15340.444,10129.018,0.48549543499675885,"Flour, Grain & Flakes",Export_Re-Export,0,1,1,2024-10-21
106,2024-08-01,13942.777,9712.16,0.5643999892917744,"Flour, Grain & Flakes",Export_Re-Export,0,1,1,2024-10-21
107,2024-09-01,14765.191,8357.254,0.23324850483185033,"Flour, Grain & Flakes",Export_Re-Export,0,1,1,2024-10-21
108,2024-07-01,31993.245,33268.073,0.9616801369889985,"Flour, Grain & Flakes",Retail,1,0,1,2024-10-21
109,2024-08-01,34476.698,41151.92,0.837790751926034,"Flour, Grain & Flakes",Retail,1,0,1,2024-10-21
110,2024-09-01,41348.873,37095.968,0.8853539824058507,"Flour, Grain & Flakes",Retail,1,0,1,2024-10-21
111,2024-07-01,31993.245,33268.073,0.9616801369889985,"Flour, Grain & Flakes",Retail,0,1,1,2024-10-21
112,2024-08-01,34476.698,41151.92,0.837790751926034,"Flour, Grain & Flakes",Retail,0,1,1,2024-10-21
113,2024-09-01,41348.873,37095.968,0.8853539824058507,"Flour, Grain & Flakes",Retail,0,1,1,2024-10-21
114,2024-07-01,289075.171,296931.615,0.9735412344017325,"Flour, Grain & Flakes",ALL,1,0,1,2024-10-21
115,2024-08-01,302223.753,319928.417,0.9446605457370172,"Flour, Grain & Flakes",ALL,1,0,1,2024-10-21
116,2024-09-01,312175.718,292643.078,0.9332543925744247,"Flour, Grain & Flakes",ALL,1,0,1,2024-10-21
117,2024-07-01,289075.171,296931.615,0.9735412344017325,"Flour, Grain & Flakes",ALL,0,1,1,2024-10-21
118,2024-08-01,302223.753,319928.417,0.9446605457370172,"Flour, Grain & Flakes",ALL,0,1,1,2024-10-21
119,2024-09-01,312175.718,292643.078,0.9332543925744247,"Flour, Grain & Flakes",ALL,0,1,1,2024-10-21
120,2024-07-01,30833.814,31671.232,0.9735590330050943,"Nuts, Seeds & Beans",B2B,1,0,1,2024-10-21
121,2024-08-01,30019.996,33995.909999999996,0.8830472842174251,"Nuts, Seeds & Beans",B2B,1,0,1,2024-10-21
122,2024-09-01,68205.644,31649.317,0.0,"Nuts, Seeds & Beans",B2B,1,0,1,2024-10-21
123,2024-07-01,30833.814,31671.232,0.9735590330050943,"Nuts, Seeds & Beans",B2B,0,1,1,2024-10-21
124,2024-08-01,30019.996,33995.909999999996,0.8830472842174251,"Nuts, Seeds & Beans",B2B,0,1,1,2024-10-21
125,2024-09-01,68205.644,31649.317,0.0,"Nuts, Seeds & Beans",B2B,0,1,1,2024-10-21
126,2024-07-01,642.018,611.414,0.9499455360852057,"Nuts, Seeds & Beans",Ecomm,1,0,1,2024-10-21
127,2024-08-01,572.656,552.314,0.9631695014068085,"Nuts, Seeds & Beans",Ecomm,1,0,1,2024-10-21
128,2024-09-01,1026.214,535.182,0.08249530066407329,"Nuts, Seeds & Beans",Ecomm,1,0,1,2024-10-21
129,2024-07-01,642.018,611.414,0.9499455360852057,"Nuts, Seeds & Beans",Ecomm,0,1,1,2024-10-21
130,2024-08-01,572.656,552.314,0.9631695014068085,"Nuts, Seeds & Beans",Ecomm,0,1,1,2024-10-21
131,2024-09-01,1026.214,535.182,0.08249530066407329,"Nuts, Seeds & Beans",Ecomm,0,1,1,2024-10-21
132,2024-07-01,6726.412,5382.834,0.7503957952260835,"Nuts, Seeds & Beans",Export_Re-Export,1,0,1,2024-10-21
133,2024-08-01,6482.592,3787.7799999999997,0.28855107741209884,"Nuts, Seeds & Beans",Export_Re-Export,1,0,1,2024-10-21
134,2024-09-01,12403.968,4596.602,0.0,"Nuts, Seeds & Beans",Export_Re-Export,1,0,1,2024-10-21
135,2024-07-01,6726.412,5382.834,0.7503957952260835,"Nuts, Seeds & Beans",Export_Re-Export,0,1,1,2024-10-21
136,2024-08-01,6482.592,3787.7799999999997,0.28855107741209884,"Nuts, Seeds & Beans",Export_Re-Export,0,1,1,2024-10-21
137,2024-09-01,12403.968,4596.602,0.0,"Nuts, Seeds & Beans",Export_Re-Export,0,1,1,2024-10-21
138,2024-07-01,10650.662,9823.028,0.9157455318258281,"Nuts, Seeds & Beans",Retail,1,0,1,2024-10-21
139,2024-08-01,10342.686,11611.666,0.8907150791281803,"Nuts, Seeds & Beans",Retail,1,0,1,2024-10-21
140,2024-09-01,21570.242,10525.804,0.0,"Nuts, Seeds & Beans",Retail,1,0,1,2024-10-21
141,2024-07-01,10650.662,9823.028,0.9157455318258281,"Nuts, Seeds & Beans",Retail,0,1,1,2024-10-21
142,2024-08-01,10342.686,11611.666,0.8907150791281803,"Nuts, Seeds & Beans",Retail,0,1,1,2024-10-21
143,2024-09-01,21570.242,10525.804,0.0,"Nuts, Seeds & Beans",Retail,0,1,1,2024-10-21
144,2024-07-01,48852.906,47488.508,0.9712688804626163,"Nuts, Seeds & Beans",ALL,1,0,1,2024-10-21
145,2024-08-01,47417.93,49947.67,0.9493521920041516,"Nuts, Seeds & Beans",ALL,1,0,1,2024-10-21
146,2024-09-01,103206.068,47306.905,0.0,"Nuts, Seeds & Beans",ALL,1,0,1,2024-10-21
147,2024-07-01,48852.906,47488.508,0.9712688804626163,"Nuts, Seeds & Beans",ALL,0,1,1,2024-10-21
148,2024-08-01,47417.93,49947.67,0.9493521920041516,"Nuts, Seeds & Beans",ALL,0,1,1,2024-10-21
149,2024-09-01,103206.068,47306.905,0.0,"Nuts, Seeds & Beans",ALL,0,1,1,2024-10-21
150,2024-07-01,118370.20391,201343.2624,0.5879024830482731,Non Food,B2B,1,0,1,2024-10-21
151,2024-08-01,119457.39130999999,141627.32738,0.8434628649701488,Non Food,B2B,1,0,1,2024-10-21
152,2024-09-01,145375.63931,148567.2836,0.9785171794714028,Non Food,B2B,1,0,1,2024-10-21
153,2024-07-01,118370.20391,201343.2624,0.5879024830482731,Non Food,B2B,0,1,1,2024-10-21
154,2024-08-01,119457.39130999999,141627.32738,0.8434628649701488,Non Food,B2B,0,1,1,2024-10-21
155,2024-09-01,145375.63931,148567.2836,0.9785171794714028,Non Food,B2B,0,1,1,2024-10-21
156,2024-07-01,3357.4880000000003,6461.146,0.5196428002091271,Non Food,Ecomm,1,0,1,2024-10-21
157,2024-08-01,2902.019,2928.442,0.9909771134275495,Non Food,Ecomm,1,0,1,2024-10-21
158,2024-09-01,4437.342,2250.495,0.028281778008838132,Non Food,Ecomm,1,0,1,2024-10-21
159,2024-07-01,3357.4880000000003,6461.146,0.5196428002091271,Non Food,Ecomm,0,1,1,2024-10-21
160,2024-08-01,2902.019,2928.442,0.9909771134275495,Non Food,Ecomm,0,1,1,2024-10-21
161,2024-09-01,4437.342,2250.495,0.028281778008838132,Non Food,Ecomm,0,1,1,2024-10-21
162,2024-07-01,7166.94789,5594.014,0.7188183851524146,Non Food,Export_Re-Export,1,0,1,2024-10-21
163,2024-08-01,7056.18389,1698.578,0.0,Non Food,Export_Re-Export,1,0,1,2024-10-21
164,2024-09-01,8361.33889,7902.24,0.9419026896171211,Non Food,Export_Re-Export,1,0,1,2024-10-21
165,2024-07-01,7166.94789,5594.014,0.7188183851524146,Non Food,Export_Re-Export,0,1,1,2024-10-21
166,2024-08-01,7056.18389,1698.578,0.0,Non Food,Export_Re-Export,0,1,1,2024-10-21
167,2024-09-01,8361.33889,7902.24,0.9419026896171211,Non Food,Export_Re-Export,0,1,1,2024-10-21
168,2024-07-01,253204.4542,230724.53561,0.902568148937578,Non Food,Retail,1,0,1,2024-10-21
169,2024-08-01,227418.36196,240661.9192,0.9449702832752944,Non Food,Retail,1,0,1,2024-10-21
170,2024-09-01,247314.93709,202582.98514,0.7791919596846356,Non Food,Retail,1,0,1,2024-10-21
171,2024-07-01,253204.4542,230724.53561,0.902568148937578,Non Food,Retail,0,1,1,2024-10-21
172,2024-08-01,227418.36196,240661.9192,0.9449702832752944,Non Food,Retail,0,1,1,2024-10-21
173,2024-09-01,247314.93709,202582.98514,0.7791919596846356,Non Food,Retail,0,1,1,2024-10-21
174,2024-07-01,382099.094,444122.95801,0.8603452875124653,Non Food,ALL,1,0,1,2024-10-21
175,2024-08-01,356833.95616,386916.26658,0.9222511095594372,Non Food,ALL,1,0,1,2024-10-21
176,2024-09-01,405489.25729,361303.00374,0.8777030550739701,Non Food,ALL,1,0,1,2024-10-21
177,2024-07-01,382099.094,444122.95801,0.8603452875124653,Non Food,ALL,0,1,1,2024-10-21
178,2024-08-01,356833.95616,386916.26658,0.9222511095594372,Non Food,ALL,0,1,1,2024-10-21
179,2024-09-01,405489.25729,361303.00374,0.8777030550739701,Non Food,ALL,0,1,1,2024-10-21
180,2024-07-01,150156.011,112692.932,0.6675649631691187,Beverage,B2B,1,0,1,2024-10-21
181,2024-08-01,110765.118,121420.7,0.9122424594817853,Beverage,B2B,1,0,1,2024-10-21
182,2024-09-01,125391.811,130161.338,0.9633568072264285,Beverage,B2B,1,0,1,2024-10-21
183,2024-07-01,150156.011,112692.932,0.6675649631691187,Beverage,B2B,0,1,1,2024-10-21
184,2024-08-01,110765.118,121420.7,0.9122424594817853,Beverage,B2B,0,1,1,2024-10-21
185,2024-09-01,125391.811,130161.338,0.9633568072264285,Beverage,B2B,0,1,1,2024-10-21
186,2024-07-01,1595.924,10613.813,0.15036292800711681,Beverage,Ecomm,1,0,1,2024-10-21
187,2024-08-01,1311.099,2705.756,0.4845592137650254,Beverage,Ecomm,1,0,1,2024-10-21
188,2024-09-01,1617.954,432.469,0.0,Beverage,Ecomm,1,0,1,2024-10-21
189,2024-07-01,1595.924,10613.813,0.15036292800711681,Beverage,Ecomm,0,1,1,2024-10-21
190,2024-08-01,1311.099,2705.756,0.4845592137650254,Beverage,Ecomm,0,1,1,2024-10-21
191,2024-09-01,1617.954,432.469,0.0,Beverage,Ecomm,0,1,1,2024-10-21
192,2024-07-01,15629.189999999999,17350.073,0.9008140772664184,Beverage,Export_Re-Export,1,0,1,2024-10-21
193,2024-08-01,13254.23,15647.34,0.8470596280262331,Beverage,Export_Re-Export,1,0,1,2024-10-21
194,2024-09-01,15958.59,9873.82,0.3837471211749859,Beverage,Export_Re-Export,1,0,1,2024-10-21
195,2024-07-01,15629.189999999999,17350.073,0.9008140772664184,Beverage,Export_Re-Export,0,1,1,2024-10-21
196,2024-08-01,13254.23,15647.34,0.8470596280262331,Beverage,Export_Re-Export,0,1,1,2024-10-21
197,2024-09-01,15958.59,9873.82,0.3837471211749859,Beverage,Export_Re-Export,0,1,1,2024-10-21
198,2024-07-01,43291.481999999996,63731.668,0.6792774041313339,Beverage,Retail,1,0,1,2024-10-21
199,2024-08-01,41141.751,52202.282,0.7881216955228125,Beverage,Retail,1,0,1,2024-10-21
200,2024-09-01,39827.685,63753.944,0.6247093513147985,Beverage,Retail,1,0,1,2024-10-21
201,2024-07-01,43291.481999999996,63731.668,0.6792774041313339,Beverage,Retail,0,1,1,2024-10-21
202,2024-08-01,41141.751,52202.282,0.7881216955228125,Beverage,Retail,0,1,1,2024-10-21
203,2024-09-01,39827.685,63753.944,0.6247093513147985,Beverage,Retail,0,1,1,2024-10-21
204,2024-07-01,210672.607,204388.486,0.9692540361593559,Beverage,ALL,1,0,1,2024-10-21
205,2024-08-01,166472.198,191976.078,0.8671507394791136,Beverage,ALL,1,0,1,2024-10-21
206,2024-09-01,182796.04,204221.571,0.8950868368356641,Beverage,ALL,1,0,1,2024-10-21
207,2024-07-01,210672.607,204388.486,0.9692540361593559,Beverage,ALL,0,1,1,2024-10-21
208,2024-08-01,166472.198,191976.078,0.8671507394791136,Beverage,ALL,0,1,1,2024-10-21
209,2024-09-01,182796.04,204221.571,0.8950868368356641,Beverage,ALL,0,1,1,2024-10-21
210,2024-07-01,46764.64,54206.826,0.8627075859412983,Fat & Oil,B2B,1,0,1,2024-10-21
211,2024-08-01,53087.275,54896.541,0.9670422586370242,Fat & Oil,B2B,1,0,1,2024-10-21
212,2024-09-01,52104.043,45061.365,0.8437091730354818,Fat & Oil,B2B,1,0,1,2024-10-21
213,2024-07-01,46764.64,54206.826,0.8627075859412983,Fat & Oil,B2B,0,1,1,2024-10-21
214,2024-08-01,53087.275,54896.541,0.9670422586370242,Fat & Oil,B2B,0,1,1,2024-10-21
215,2024-09-01,52104.043,45061.365,0.8437091730354818,Fat & Oil,B2B,0,1,1,2024-10-21
216,2024-07-01,578.869,710.803,0.8143873900363392,Fat & Oil,Ecomm,1,0,1,2024-10-21
217,2024-08-01,573.543,824.32,0.6957771253881988,Fat & Oil,Ecomm,1,0,1,2024-10-21
218,2024-09-01,649.545,661.731,0.9815846620454535,Fat & Oil,Ecomm,1,0,1,2024-10-21
219,2024-07-01,578.869,710.803,0.8143873900363392,Fat & Oil,Ecomm,0,1,1,2024-10-21
220,2024-08-01,573.543,824.32,0.6957771253881988,Fat & Oil,Ecomm,0,1,1,2024-10-21
221,2024-09-01,649.545,661.731,0.9815846620454535,Fat & Oil,Ecomm,0,1,1,2024-10-21
222,2024-07-01,38483.891,62614.69,0.6146144139657963,Fat & Oil,Export_Re-Export,1,0,1,2024-10-21
223,2024-08-01,39248.257,58405.501000000004,0.6719958964139353,Fat & Oil,Export_Re-Export,1,0,1,2024-10-21
224,2024-09-01,39392.29,57453.792,0.6856342919889431,Fat & Oil,Export_Re-Export,1,0,1,2024-10-21
225,2024-07-01,38483.891,62614.69,0.6146144139657963,Fat & Oil,Export_Re-Export,0,1,1,2024-10-21
226,2024-08-01,39248.257,58405.501000000004,0.6719958964139353,Fat & Oil,Export_Re-Export,0,1,1,2024-10-21
227,2024-09-01,39392.29,57453.792,0.6856342919889431,Fat & Oil,Export_Re-Export,0,1,1,2024-10-21
228,2024-07-01,5321.675,5781.503,0.9204656643782768,Fat & Oil,Retail,1,0,1,2024-10-21
229,2024-08-01,5637.426,6943.131,0.8119429116345349,Fat & Oil,Retail,1,0,1,2024-10-21
230,2024-09-01,6778.33,6380.72,0.9376857157186024,Fat & Oil,Retail,1,0,1,2024-10-21
231,2024-07-01,5321.675,5781.503,0.9204656643782768,Fat & Oil,Retail,0,1,1,2024-10-21
232,2024-08-01,5637.426,6943.131,0.8119429116345349,Fat & Oil,Retail,0,1,1,2024-10-21
233,2024-09-01,6778.33,6380.72,0.9376857157186024,Fat & Oil,Retail,0,1,1,2024-10-21
234,2024-07-01,91149.075,123313.822,0.7391634897181274,Fat & Oil,ALL,1,0,1,2024-10-21
235,2024-08-01,98546.501,121069.493,0.8139664134878305,Fat & Oil,ALL,1,0,1,2024-10-21
236,2024-09-01,98924.208,109557.60800000001,0.9029423862558226,Fat & Oil,ALL,1,0,1,2024-10-21
237,2024-07-01,91149.075,123313.822,0.7391634897181274,Fat & Oil,ALL,0,1,1,2024-10-21
238,2024-08-01,98546.501,121069.493,0.8139664134878305,Fat & Oil,ALL,0,1,1,2024-10-21
239,2024-09-01,98924.208,109557.60800000001,0.9029423862558226,Fat & Oil,ALL,0,1,1,2024-10-21
240,2024-07-01,232955.10199999998,240171.676,0.9699524351905675,Dairy,B2B,1,0,1,2024-10-21
241,2024-08-01,238261.016,284255.268,0.8381938448366769,Dairy,B2B,1,0,1,2024-10-21
242,2024-09-01,266901.45,238605.276,0.8814101076289697,Dairy,B2B,1,0,1,2024-10-21
243,2024-07-01,232955.10199999998,240171.676,0.9699524351905675,Dairy,B2B,0,1,1,2024-10-21
244,2024-08-01,238261.016,284255.268,0.8381938448366769,Dairy,B2B,0,1,1,2024-10-21
245,2024-09-01,266901.45,238605.276,0.8814101076289697,Dairy,B2B,0,1,1,2024-10-21
246,2024-07-01,1944.978,1862.132,0.9555101356939251,Dairy,Ecomm,1,0,1,2024-10-21
247,2024-08-01,1928.1499999999999,1594.054,0.7904111153072608,Dairy,Ecomm,1,0,1,2024-10-21
248,2024-09-01,1664.4560000000001,1579.124,0.9459624450011525,Dairy,Ecomm,1,0,1,2024-10-21
249,2024-07-01,1944.978,1862.132,0.9555101356939251,Dairy,Ecomm,0,1,1,2024-10-21
250,2024-08-01,1928.1499999999999,1594.054,0.7904111153072608,Dairy,Ecomm,0,1,1,2024-10-21
251,2024-09-01,1664.4560000000001,1579.124,0.9459624450011525,Dairy,Ecomm,0,1,1,2024-10-21
252,2024-07-01,19657.714,26326.0,0.7467034110765023,Dairy,Export_Re-Export,1,0,1,2024-10-21
253,2024-08-01,18949.074,27138.37,0.6982392089134315,Dairy,Export_Re-Export,1,0,1,2024-10-21
254,2024-09-01,25753.424,18012.198,0.570223134344848,Dairy,Export_Re-Export,1,0,1,2024-10-21
255,2024-07-01,19657.714,26326.0,0.7467034110765023,Dairy,Export_Re-Export,0,1,1,2024-10-21
256,2024-08-01,18949.074,27138.37,0.6982392089134315,Dairy,Export_Re-Export,0,1,1,2024-10-21
257,2024-09-01,25753.424,18012.198,0.570223134344848,Dairy,Export_Re-Export,0,1,1,2024-10-21
258,2024-07-01,16909.79,17516.632,0.9653562397154887,Dairy,Retail,1,0,1,2024-10-21
259,2024-08-01,17053.454,18699.766,0.9119608234669889,Dairy,Retail,1,0,1,2024-10-21
260,2024-09-01,17390.032,14824.89,0.8269705879773813,Dairy,Retail,1,0,1,2024-10-21
261,2024-07-01,16909.79,17516.632,0.9653562397154887,Dairy,Retail,0,1,1,2024-10-21
262,2024-08-01,17053.454,18699.766,0.9119608234669889,Dairy,Retail,0,1,1,2024-10-21
263,2024-09-01,17390.032,14824.89,0.8269705879773813,Dairy,Retail,0,1,1,2024-10-21
264,2024-07-01,271467.584,285876.44,0.9495976093727765,Dairy,ALL,1,0,1,2024-10-21
265,2024-08-01,276191.694,331687.458,0.8326865768919126,Dairy,ALL,1,0,1,2024-10-21
266,2024-09-01,311709.36199999996,273021.488,0.8582973293296242,Dairy,ALL,1,0,1,2024-10-21
267,2024-07-01,271467.584,285876.44,0.9495976093727765,Dairy,ALL,0,1,1,2024-10-21
268,2024-08-01,276191.694,331687.458,0.8326865768919126,Dairy,ALL,0,1,1,2024-10-21
269,2024-09-01,311709.36199999996,273021.488,0.8582973293296242,Dairy,ALL,0,1,1,2024-10-21
270,2024-07-01,19873.212,25809.342,0.7700007229940229,Filling & Jam,B2B,1,0,1,2024-10-21
271,2024-08-01,29396.665,35890.668,0.8190615176067495,Filling & Jam,B2B,1,0,1,2024-10-21
272,2024-09-01,43139.113000000005,29008.813000000002,0.5128963049953129,Filling & Jam,B2B,1,0,1,2024-10-21
273,2024-07-01,19873.212,25809.342,0.7700007229940229,Filling & Jam,B2B,0,1,1,2024-10-21
274,2024-08-01,29396.665,35890.668,0.8190615176067495,Filling & Jam,B2B,0,1,1,2024-10-21
275,2024-09-01,43139.113000000005,29008.813000000002,0.5128963049953129,Filling & Jam,B2B,0,1,1,2024-10-21
276,2024-07-01,844.815,1191.778,0.7088694370931499,Filling & Jam,Ecomm,1,0,1,2024-10-21
277,2024-08-01,1357.245,1746.0,0.7773453608247423,Filling & Jam,Ecomm,1,0,1,2024-10-21
278,2024-09-01,2719.419,892.169,0.0,Filling & Jam,Ecomm,1,0,1,2024-10-21
279,2024-07-01,844.815,1191.778,0.7088694370931499,Filling & Jam,Ecomm,0,1,1,2024-10-21
280,2024-08-01,1357.245,1746.0,0.7773453608247423,Filling & Jam,Ecomm,0,1,1,2024-10-21
281,2024-09-01,2719.419,892.169,0.0,Filling & Jam,Ecomm,0,1,1,2024-10-21
282,2024-07-01,10906.4,8053.368,0.6457343064417274,Filling & Jam,Export_Re-Export,1,0,1,2024-10-21
283,2024-08-01,8540.49,10531.48,0.8109486985684823,Filling & Jam,Export_Re-Export,1,0,1,2024-10-21
284,2024-09-01,8381.38,7018.292,0.8057806657232274,Filling & Jam,Export_Re-Export,1,0,1,2024-10-21
285,2024-07-01,10906.4,8053.368,0.6457343064417274,Filling & Jam,Export_Re-Export,0,1,1,2024-10-21
286,2024-08-01,8540.49,10531.48,0.8109486985684823,Filling & Jam,Export_Re-Export,0,1,1,2024-10-21
287,2024-09-01,8381.38,7018.292,0.8057806657232274,Filling & Jam,Export_Re-Export,0,1,1,2024-10-21
288,2024-07-01,8885.786,7660.619,0.8400694513067416,Filling & Jam,Retail,1,0,1,2024-10-21
289,2024-08-01,12130.746,17009.25,0.7131852374443317,Filling & Jam,Retail,1,0,1,2024-10-21
290,2024-09-01,18053.156,16245.084,0.8887003600596957,Filling & Jam,Retail,1,0,1,2024-10-21
291,2024-07-01,8885.786,7660.619,0.8400694513067416,Filling & Jam,Retail,0,1,1,2024-10-21
292,2024-08-01,12130.746,17009.25,0.7131852374443317,Filling & Jam,Retail,0,1,1,2024-10-21
293,2024-09-01,18053.156,16245.084,0.8887003600596957,Filling & Jam,Retail,0,1,1,2024-10-21
294,2024-07-01,40510.213,42715.107,0.948381400519493,Filling & Jam,ALL,1,0,1,2024-10-21
295,2024-08-01,51425.146,65177.398,0.7890027460132729,Filling & Jam,ALL,1,0,1,2024-10-21
296,2024-09-01,72293.068,53164.358,0.6401967272886094,Filling & Jam,ALL,1,0,1,2024-10-21
297,2024-07-01,40510.213,42715.107,0.948381400519493,Filling & Jam,ALL,0,1,1,2024-10-21
298,2024-08-01,51425.146,65177.398,0.7890027460132729,Filling & Jam,ALL,0,1,1,2024-10-21
299,2024-09-01,72293.068,53164.358,0.6401967272886094,Filling & Jam,ALL,0,1,1,2024-10-21
300,2024-07-01,90562.404,114636.149,0.7899986591489565,Grocery,B2B,1,0,1,2024-10-21
301,2024-08-01,84500.298,82293.614,0.973185234032862,Grocery,B2B,1,0,1,2024-10-21
302,2024-09-01,86028.869,77860.775,0.8950935949455934,Grocery,B2B,1,0,1,2024-10-21
303,2024-07-01,90562.404,114636.149,0.7899986591489565,Grocery,B2B,0,1,1,2024-10-21
304,2024-08-01,84500.298,82293.614,0.973185234032862,Grocery,B2B,0,1,1,2024-10-21
305,2024-09-01,86028.869,77860.775,0.8950935949455934,Grocery,B2B,0,1,1,2024-10-21
306,2024-07-01,1534.792,2140.576,0.7169995365733335,Grocery,Ecomm,1,0,1,2024-10-21
307,2024-08-01,1898.2649999999999,1616.345,0.8255817910161507,Grocery,Ecomm,1,0,1,2024-10-21
308,2024-09-01,2992.787,2066.513,0.5517695751248601,Grocery,Ecomm,1,0,1,2024-10-21
309,2024-07-01,1534.792,2140.576,0.7169995365733335,Grocery,Ecomm,0,1,1,2024-10-21
310,2024-08-01,1898.2649999999999,1616.345,0.8255817910161507,Grocery,Ecomm,0,1,1,2024-10-21
311,2024-09-01,2992.787,2066.513,0.5517695751248601,Grocery,Ecomm,0,1,1,2024-10-21
312,2024-07-01,13256.755000000001,7861.433,0.3136973882496994,Grocery,Export_Re-Export,1,0,1,2024-10-21
313,2024-08-01,10022.809,13239.668,0.7570287260979656,Grocery,Export_Re-Export,1,0,1,2024-10-21
314,2024-09-01,9619.647,7020.8820000000005,0.6298520613222099,Grocery,Export_Re-Export,1,0,1,2024-10-21
315,2024-07-01,13256.755000000001,7861.433,0.3136973882496994,Grocery,Export_Re-Export,0,1,1,2024-10-21
316,2024-08-01,10022.809,13239.668,0.7570287260979656,Grocery,Export_Re-Export,0,1,1,2024-10-21
317,2024-09-01,9619.647,7020.8820000000005,0.6298520613222099,Grocery,Export_Re-Export,0,1,1,2024-10-21
318,2024-07-01,83536.921,75587.294,0.8948285276623342,Grocery,Retail,1,0,1,2024-10-21
319,2024-08-01,82750.143,91956.554,0.8998830360694029,Grocery,Retail,1,0,1,2024-10-21
320,2024-09-01,86019.922,86031.203,0.9998688731575683,Grocery,Retail,1,0,1,2024-10-21
321,2024-07-01,83536.921,75587.294,0.8948285276623342,Grocery,Retail,0,1,1,2024-10-21
322,2024-08-01,82750.143,91956.554,0.8998830360694029,Grocery,Retail,0,1,1,2024-10-21
323,2024-09-01,86019.922,86031.203,0.9998688731575683,Grocery,Retail,0,1,1,2024-10-21
324,2024-07-01,188890.872,200225.452,0.9433909131592322,Grocery,ALL,1,0,1,2024-10-21
325,2024-08-01,179171.51499999998,189106.181,0.947465143934137,Grocery,ALL,1,0,1,2024-10-21
326,2024-09-01,184661.225,172979.373,0.932466791864253,Grocery,ALL,1,0,1,2024-10-21
327,2024-07-01,188890.872,200225.452,0.9433909131592322,Grocery,ALL,0,1,1,2024-10-21
328,2024-08-01,179171.51499999998,189106.181,0.947465143934137,Grocery,ALL,0,1,1,2024-10-21
329,2024-09-01,184661.225,172979.373,0.932466791864253,Grocery,ALL,0,1,1,2024-10-21
330,2024-07-01,36963.85,37466.86,0.9865745354694788,Cheese,B2B,1,0,1,2024-10-21
331,2024-08-01,37375.295,43524.305,0.8587223851133292,Cheese,B2B,1,0,1,2024-10-21
332,2024-09-01,40070.409999999996,31455.2,0.7261117398713092,Cheese,B2B,1,0,1,2024-10-21
333,2024-07-01,36963.85,37466.86,0.9865745354694788,Cheese,B2B,0,1,1,2024-10-21
334,2024-08-01,37375.295,43524.305,0.8587223851133292,Cheese,B2B,0,1,1,2024-10-21
335,2024-09-01,40070.409999999996,31455.2,0.7261117398713092,Cheese,B2B,0,1,1,2024-10-21
336,2024-07-01,352.515,451.65500000000003,0.7804961751779566,Cheese,Ecomm,1,0,1,2024-10-21
337,2024-08-01,335.425,411.675,0.8147810773061275,Cheese,Ecomm,1,0,1,2024-10-21
338,2024-09-01,340.075,319.64,0.9360687022900763,Cheese,Ecomm,1,0,1,2024-10-21
339,2024-07-01,352.515,451.65500000000003,0.7804961751779566,Cheese,Ecomm,0,1,1,2024-10-21
340,2024-08-01,335.425,411.675,0.8147810773061275,Cheese,Ecomm,0,1,1,2024-10-21
341,2024-09-01,340.075,319.64,0.9360687022900763,Cheese,Ecomm,0,1,1,2024-10-21
342,2024-07-01,3326.08,2811.87,0.8171288146322554,Cheese,Export_Re-Export,1,0,1,2024-10-21
343,2024-08-01,3123.15,2522.975,0.762116152557992,Cheese,Export_Re-Export,1,0,1,2024-10-21
344,2024-09-01,2246.7000000000003,2291.45,0.9804708808832837,Cheese,Export_Re-Export,1,0,1,2024-10-21
345,2024-07-01,3326.08,2811.87,0.8171288146322554,Cheese,Export_Re-Export,0,1,1,2024-10-21
346,2024-08-01,3123.15,2522.975,0.762116152557992,Cheese,Export_Re-Export,0,1,1,2024-10-21
347,2024-09-01,2246.7000000000003,2291.45,0.9804708808832837,Cheese,Export_Re-Export,0,1,1,2024-10-21
348,2024-07-01,7689.14,8011.98,0.959705341251476,Cheese,Retail,1,0,1,2024-10-21
349,2024-08-01,7768.425,8720.63,0.8908100676212614,Cheese,Retail,1,0,1,2024-10-21
350,2024-09-01,8153.26,7493.105,0.9118983385392303,Cheese,Retail,1,0,1,2024-10-21
351,2024-07-01,7689.14,8011.98,0.959705341251476,Cheese,Retail,0,1,1,2024-10-21
352,2024-08-01,7768.425,8720.63,0.8908100676212614,Cheese,Retail,0,1,1,2024-10-21
353,2024-09-01,8153.26,7493.105,0.9118983385392303,Cheese,Retail,0,1,1,2024-10-21
354,2024-07-01,48331.585,48742.365,0.9915724237016402,Cheese,ALL,1,0,1,2024-10-21
355,2024-08-01,48602.295,55179.585,0.8808021118680034,Cheese,ALL,1,0,1,2024-10-21
356,2024-09-01,50810.445,41559.395,0.7774017162665625,Cheese,ALL,1,0,1,2024-10-21
357,2024-07-01,48331.585,48742.365,0.9915724237016402,Cheese,ALL,0,1,1,2024-10-21
358,2024-08-01,48602.295,55179.585,0.8808021118680034,Cheese,ALL,0,1,1,2024-10-21
359,2024-09-01,50810.445,41559.395,0.7774017162665625,Cheese,ALL,0,1,1,2024-10-21
360,2024-07-01,114205.654,99861.659,0.8563613388397644,PHD,B2B,1,0,1,2024-10-21
361,2024-08-01,108762.33899999999,113339.246,0.9596176332424162,PHD,B2B,1,0,1,2024-10-21
362,2024-09-01,144239.508,110553.008,0.6952909684736936,PHD,B2B,1,0,1,2024-10-21
363,2024-07-01,114205.654,99861.659,0.8563613388397644,PHD,B2B,0,1,1,2024-10-21
364,2024-08-01,108762.33899999999,113339.246,0.9596176332424162,PHD,B2B,0,1,1,2024-10-21
365,2024-09-01,144239.508,110553.008,0.6952909684736936,PHD,B2B,0,1,1,2024-10-21
366,2024-07-01,1676.337,3347.19,0.5008191946080145,PHD,Ecomm,1,0,1,2024-10-21
367,2024-08-01,1223.992,444.837,0.0,PHD,Ecomm,1,0,1,2024-10-21
368,2024-09-01,1887.0469999999998,5635.914000000001,0.33482537171433047,PHD,Ecomm,1,0,1,2024-10-21
369,2024-07-01,1676.337,3347.19,0.5008191946080145,PHD,Ecomm,0,1,1,2024-10-21
370,2024-08-01,1223.992,444.837,0.0,PHD,Ecomm,0,1,1,2024-10-21
371,2024-09-01,1887.0469999999998,5635.914000000001,0.33482537171433047,PHD,Ecomm,0,1,1,2024-10-21
372,2024-07-01,9005.622,8964.295,0.9953898215085515,PHD,Export_Re-Export,1,0,1,2024-10-21
373,2024-08-01,9050.785,5184.3,0.2541934301641495,PHD,Export_Re-Export,1,0,1,2024-10-21
374,2024-09-01,14072.192,9489.304,0.517046982581652,PHD,Export_Re-Export,1,0,1,2024-10-21
375,2024-07-01,9005.622,8964.295,0.9953898215085515,PHD,Export_Re-Export,0,1,1,2024-10-21
376,2024-08-01,9050.785,5184.3,0.2541934301641495,PHD,Export_Re-Export,0,1,1,2024-10-21
377,2024-09-01,14072.192,9489.304,0.517046982581652,PHD,Export_Re-Export,0,1,1,2024-10-21
378,2024-07-01,99477.785,133823.802,0.7433489671740159,PHD,Retail,1,0,1,2024-10-21
379,2024-08-01,98400.97099999999,117321.878,0.8387265246470057,PHD,Retail,1,0,1,2024-10-21
380,2024-09-01,102266.938,100457.51299999999,0.9819881565254358,PHD,Retail,1,0,1,2024-10-21
381,2024-07-01,99477.785,133823.802,0.7433489671740159,PHD,Retail,0,1,1,2024-10-21
382,2024-08-01,98400.97099999999,117321.878,0.8387265246470057,PHD,Retail,0,1,1,2024-10-21
383,2024-09-01,102266.938,100457.51299999999,0.9819881565254358,PHD,Retail,0,1,1,2024-10-21
384,2024-07-01,224365.398,245996.946,0.9120657863776894,PHD,ALL,1,0,1,2024-10-21
385,2024-08-01,217438.087,236290.261,0.9202160346337761,PHD,ALL,1,0,1,2024-10-21
386,2024-09-01,262465.685,226135.739,0.8393445186477136,PHD,ALL,1,0,1,2024-10-21
387,2024-07-01,224365.398,245996.946,0.9120657863776894,PHD,ALL,0,1,1,2024-10-21
388,2024-08-01,217438.087,236290.261,0.9202160346337761,PHD,ALL,0,1,1,2024-10-21
389,2024-09-01,262465.685,226135.739,0.8393445186477136,PHD,ALL,0,1,1,2024-10-21
390,2024-07-01,28828.658,19586.283,0.5281200113365052,Meat,B2B,1,0,1,2024-10-21
391,2024-08-01,29377.595,27655.175,0.9377179858742531,Meat,B2B,1,0,1,2024-10-21
392,2024-09-01,22208.287,14500.752,0.46847342813669257,Meat,B2B,1,0,1,2024-10-21
393,2024-07-01,28828.658,19586.283,0.5281200113365052,Meat,B2B,0,1,1,2024-10-21
394,2024-08-01,29377.595,27655.175,0.9377179858742531,Meat,B2B,0,1,1,2024-10-21
395,2024-09-01,22208.287,14500.752,0.46847342813669257,Meat,B2B,0,1,1,2024-10-21
396,2024-07-01,8.838000000000001,25.514,0.34639805596927187,Meat,Ecomm,1,0,1,2024-10-21
397,2024-08-01,14.051,21.427,0.655761422504317,Meat,Ecomm,1,0,1,2024-10-21
398,2024-09-01,10.776,19.993,0.5389886460261092,Meat,Ecomm,1,0,1,2024-10-21
399,2024-07-01,8.838000000000001,25.514,0.34639805596927187,Meat,Ecomm,0,1,1,2024-10-21
400,2024-08-01,14.051,21.427,0.655761422504317,Meat,Ecomm,0,1,1,2024-10-21
401,2024-09-01,10.776,19.993,0.5389886460261092,Meat,Ecomm,0,1,1,2024-10-21
402,2024-07-01,900.0,2148.0,0.4189944134078212,Meat,Export_Re-Export,1,0,1,2024-10-21
403,2024-08-01,2134.0,1009.0,0.0,Meat,Export_Re-Export,1,0,1,2024-10-21
404,2024-09-01,1405.0,623.0,0.0,Meat,Export_Re-Export,1,0,1,2024-10-21
405,2024-07-01,900.0,2148.0,0.4189944134078212,Meat,Export_Re-Export,0,1,1,2024-10-21
406,2024-08-01,2134.0,1009.0,0.0,Meat,Export_Re-Export,0,1,1,2024-10-21
407,2024-09-01,1405.0,623.0,0.0,Meat,Export_Re-Export,0,1,1,2024-10-21
408,2024-07-01,688.767,724.09,0.9512173901034402,Meat,Retail,1,0,1,2024-10-21
409,2024-08-01,710.219,755.936,0.9395226580027939,Meat,Retail,1,0,1,2024-10-21
410,2024-09-01,757.746,773.995,0.9790063243302605,Meat,Retail,1,0,1,2024-10-21
411,2024-07-01,688.767,724.09,0.9512173901034402,Meat,Retail,0,1,1,2024-10-21
412,2024-08-01,710.219,755.936,0.9395226580027939,Meat,Retail,0,1,1,2024-10-21
413,2024-09-01,757.746,773.995,0.9790063243302605,Meat,Retail,0,1,1,2024-10-21
414,2024-07-01,30426.263,22483.887,0.6467525388292513,Meat,ALL,1,0,1,2024-10-21
415,2024-08-01,32235.865,29441.538,0.9050889596868207,Meat,ALL,1,0,1,2024-10-21
416,2024-09-01,24381.809,15917.74,0.4682618889364947,Meat,ALL,1,0,1,2024-10-21
417,2024-07-01,30426.263,22483.887,0.6467525388292513,Meat,ALL,0,1,1,2024-10-21
418,2024-08-01,32235.865,29441.538,0.9050889596868207,Meat,ALL,0,1,1,2024-10-21
419,2024-09-01,24381.809,15917.74,0.4682618889364947,Meat,ALL,0,1,1,2024-10-21
420,2024-07-01,4137.28415,1717.804,0.0,Seafood,B2B,1,0,1,2024-10-21
421,2024-08-01,3708.216,1316.926,0.0,Seafood,B2B,1,0,1,2024-10-21
422,2024-09-01,6079.24645,1256.3407,0.0,Seafood,B2B,1,0,1,2024-10-21
423,2024-07-01,4137.28415,1717.804,0.0,Seafood,B2B,0,1,1,2024-10-21
424,2024-08-01,3708.216,1316.926,0.0,Seafood,B2B,0,1,1,2024-10-21
425,2024-09-01,6079.24645,1256.3407,0.0,Seafood,B2B,0,1,1,2024-10-21
426,2024-07-01,1.454,3.708,0.39212513484358136,Seafood,Ecomm,1,0,1,2024-10-21
427,2024-08-01,0.9,2.404,0.37437603993344426,Seafood,Ecomm,1,0,1,2024-10-21
428,2024-09-01,1.8,1.008,0.2142857142857143,Seafood,Ecomm,1,0,1,2024-10-21
429,2024-07-01,1.454,3.708,0.39212513484358136,Seafood,Ecomm,0,1,1,2024-10-21
430,2024-08-01,0.9,2.404,0.37437603993344426,Seafood,Ecomm,0,1,1,2024-10-21
431,2024-09-01,1.8,1.008,0.2142857142857143,Seafood,Ecomm,0,1,1,2024-10-21
432,2024-07-01,129.172,24.0,0.0,Seafood,Export_Re-Export,1,0,1,2024-10-21
433,2024-08-01,124.518,7.2,0.0,Seafood,Export_Re-Export,1,0,1,2024-10-21
434,2024-09-01,95.58000000000001,0.0,0.0,Seafood,Export_Re-Export,1,0,1,2024-10-21
435,2024-07-01,129.172,24.0,0.0,Seafood,Export_Re-Export,0,1,1,2024-10-21
436,2024-08-01,124.518,7.2,0.0,Seafood,Export_Re-Export,0,1,1,2024-10-21
437,2024-09-01,95.58000000000001,0.0,0.0,Seafood,Export_Re-Export,0,1,1,2024-10-21
438,2024-07-01,111.081,56.587,0.03698729390142619,Seafood,Retail,1,0,1,2024-10-21
439,2024-08-01,107.155,80.795,0.6737421870165233,Seafood,Retail,1,0,1,2024-10-21
440,2024-09-01,153.45600000000002,63.39,0.0,Seafood,Retail,1,0,1,2024-10-21
441,2024-07-01,111.081,56.587,0.03698729390142619,Seafood,Retail,0,1,1,2024-10-21
442,2024-08-01,107.155,80.795,0.6737421870165233,Seafood,Retail,0,1,1,2024-10-21
443,2024-09-01,153.45600000000002,63.39,0.0,Seafood,Retail,0,1,1,2024-10-21
444,2024-07-01,4378.99115,1802.099,0.0,Seafood,ALL,1,0,1,2024-10-21
445,2024-08-01,3940.7889999999998,1407.325,0.0,Seafood,ALL,1,0,1,2024-10-21
446,2024-09-01,6330.08245,1320.7386999999999,0.0,Seafood,ALL,1,0,1,2024-10-21
447,2024-07-01,4378.99115,1802.099,0.0,Seafood,ALL,0,1,1,2024-10-21
448,2024-08-01,3940.7889999999998,1407.325,0.0,Seafood,ALL,0,1,1,2024-10-21
449,2024-09-01,6330.08245,1320.7386999999999,0.0,Seafood,ALL,0,1,1,2024-10-21
450,2024-07-01,1373829.311408,1460809.246694,0.9404577048763576,ALL,B2B,1,0,1,2024-10-21
451,2024-08-01,1361572.722455,1532714.112701,0.8883409575028909,ALL,B2B,1,0,1,2024-10-21
452,2024-09-01,1543676.30243,1379910.643179,0.8813215478404303,ALL,B2B,1,0,1,2024-10-21
453,2024-07-01,1373829.311408,1460809.246694,0.9404577048763576,ALL,B2B,0,1,1,2024-10-21
454,2024-08-01,1361572.722455,1532714.112701,0.8883409575028909,ALL,B2B,0,1,1,2024-10-21
455,2024-09-01,1543676.30243,1379910.643179,0.8813215478404303,ALL,B2B,0,1,1,2024-10-21
456,2024-07-01,21953.922398,39772.327368,0.5519898846971595,ALL,Ecomm,1,0,1,2024-10-21
457,2024-08-01,21482.702,23584.090699,0.9108980403009941,ALL,Ecomm,1,0,1,2024-10-21
458,2024-09-01,27385.361,25258.227699,0.9157845385531853,ALL,Ecomm,1,0,1,2024-10-21
459,2024-07-01,21953.922398,39772.327368,0.5519898846971595,ALL,Ecomm,0,1,1,2024-10-21
460,2024-08-01,21482.702,23584.090699,0.9108980403009941,ALL,Ecomm,0,1,1,2024-10-21
461,2024-09-01,27385.361,25258.227699,0.9157845385531853,ALL,Ecomm,0,1,1,2024-10-21
462,2024-07-01,218852.81289,236073.650194,0.9270531154584669,ALL,Export_Re-Export,1,0,1,2024-10-21
463,2024-08-01,210942.14189,219418.52599999998,0.9613688768012233,ALL,Export_Re-Export,1,0,1,2024-10-21
464,2024-09-01,236676.22589,233508.79,0.9864354746988325,ALL,Export_Re-Export,1,0,1,2024-10-21
465,2024-07-01,218852.81289,236073.650194,0.9270531154584669,ALL,Export_Re-Export,0,1,1,2024-10-21
466,2024-08-01,210942.14189,219418.52599999998,0.9613688768012233,ALL,Export_Re-Export,0,1,1,2024-10-21
467,2024-09-01,236676.22589,233508.79,0.9864354746988325,ALL,Export_Re-Export,0,1,1,2024-10-21
468,2024-07-01,614094.18564,637475.944495,0.9633213471709546,ALL,Retail,1,0,1,2024-10-21
469,2024-08-01,590908.124011,667062.389553,0.8858363674302923,ALL,Retail,1,0,1,2024-10-21
470,2024-09-01,646980.947047,598425.182442,0.9188607598248824,ALL,Retail,1,0,1,2024-10-21
471,2024-07-01,614094.18564,637475.944495,0.9633213471709546,ALL,Retail,0,1,1,2024-10-21
472,2024-08-01,590908.124011,667062.389553,0.8858363674302923,ALL,Retail,0,1,1,2024-10-21
473,2024-09-01,646980.947047,598425.182442,0.9188607598248824,ALL,Retail,0,1,1,2024-10-21
474,2024-07-01,2228730.232336,2374131.168751,0.9387561486371061,ALL,ALL,1,0,1,2024-10-21
475,2024-08-01,2184905.690356,2442779.118953,0.894434406043422,ALL,ALL,1,0,1,2024-10-21
476,2024-09-01,2454718.836367,2237102.84332,0.9027241891463317,ALL,ALL,1,0,1,2024-10-21
477,2024-07-01,2228730.232336,2374131.168751,0.9387561486371061,ALL,ALL,0,1,1,2024-10-21
478,2024-08-01,2184905.690356,2442779.118953,0.894434406043422,ALL,ALL,0,1,1,2024-10-21
479,2024-09-01,2454718.836367,2237102.84332,0.9027241891463317,ALL,ALL,0,1,1,2024-10-21
